C Chute;DC DMC;DC DLC;Stock_proj_chute(c,dc)
chute_1;2025-04-17 00:00:00;2025-05-15 00:00:00;1101.3
chute_2;2025-04-18 00:00:00;2025-05-16 00:00:00;755.4
chute_2;2025-04-19 00:00:00;2025-05-17 00:00:00;995.58
chute_1;2025-04-19 00:00:00;2025-05-17 00:00:00;920.1
chute_1;2025-04-18 00:00:00;2025-05-16 00:00:00;866
chute_2;2025-04-17 00:00:00;2025-05-15 00:00:00;915.3
chute_1;2025-04-20 00:00:00;2025-05-18 00:00:00;930
chute_2;2025-04-20 00:00:00;2025-05-18 00:00:00;875.4
chute_2;2025-04-10 00:00:00;2025-05-08 00:00:00;855.7
chute_1;2025-04-08 00:00:00;2025-05-06 00:00:00;856.4
chute_2;2025-04-11 00:00:00;2025-05-09 00:00:00;908
chute_1;2025-04-11 00:00:00;2025-05-09 00:00:00;824.94
chute_2;2025-04-08 00:00:00;2025-05-06 00:00:00;865.23
chute_1;2025-04-10 00:00:00;2025-05-08 00:00:00;1011.8
chute_1;2025-04-13 00:00:00;2025-05-11 00:00:00;959.1
chute_2;2025-04-14 00:00:00;2025-05-12 00:00:00;1033.4
chute_1;2025-04-12 00:00:00;2025-05-10 00:00:00;982.1
chute_2;2025-04-15 00:00:00;2025-05-13 00:00:00;475.9
chute_1;2025-04-15 00:00:00;2025-05-13 00:00:00;936.4
chute_2;2025-04-12 00:00:00;2025-05-10 00:00:00;917.3
chute_1;2025-04-14 00:00:00;2025-05-12 00:00:00;983.2
chute_2;2025-04-13 00:00:00;2025-05-11 00:00:00;790
chute_2;2025-04-03 00:00:00;2025-05-01 00:00:00;1026.7
chute_1;2025-04-03 00:00:00;2025-05-01 00:00:00;956.2
chute_1;2025-04-05 00:00:00;2025-05-03 00:00:00;718.96
chute_2;2025-04-06 00:00:00;2025-05-04 00:00:00;964
chute_1;2025-04-04 00:00:00;2025-05-02 00:00:00;758.9
chute_2;2025-04-07 00:00:00;2025-05-05 00:00:00;856
chute_1;2025-04-07 00:00:00;2025-05-05 00:00:00;762
chute_2;2025-04-04 00:00:00;2025-05-02 00:00:00;908.7
chute_1;2025-04-06 00:00:00;2025-05-04 00:00:00;711.2
chute_2;2025-04-05 00:00:00;2025-05-03 00:00:00;907.2
chute_3;2025-04-20 00:00:00;2025-05-18 00:00:00;2012.94
chute_3;2025-04-19 00:00:00;2025-05-17 00:00:00;2326.83
chute_3;2025-04-18 00:00:00;2025-05-16 00:00:00;1914.86
chute_3;2025-04-17 00:00:00;2025-05-15 00:00:00;2349.11
chute_3;2025-04-15 00:00:00;2025-05-13 00:00:00;1759.21
chute_3;2025-04-14 00:00:00;2025-05-12 00:00:00;2503.6
chute_3;2025-04-13 00:00:00;2025-05-11 00:00:00;2240.46
chute_3;2025-04-12 00:00:00;2025-05-10 00:00:00;2517.8
chute_3;2025-04-11 00:00:00;2025-05-09 00:00:00;2487.2
chute_3;2025-04-10 00:00:00;2025-05-08 00:00:00;2354.42
chute_3;2025-04-08 00:00:00;2025-05-06 00:00:00;2448.2
chute_3;2025-04-07 00:00:00;2025-05-05 00:00:00;2165.6
chute_3;2025-04-06 00:00:00;2025-05-04 00:00:00;2263.1
chute_3;2025-04-05 00:00:00;2025-05-03 00:00:00;2240.12
chute_3;2025-04-04 00:00:00;2025-05-02 00:00:00;2043.1
chute_3;2025-04-03 00:00:00;2025-05-01 00:00:00;2264.66
chute_4;2025-04-20 00:00:00;2025-05-18 00:00:00;1802.8
chute_4;2025-04-17 00:00:00;2025-05-15 00:00:00;1798.2
chute_4;2025-04-19 00:00:00;2025-05-17 00:00:00;1862.8
chute_4;2025-04-18 00:00:00;2025-05-16 00:00:00;1666.3
chute_5;2025-04-18 00:00:00;2025-05-16 00:00:00;609.32
chute_5;2025-04-19 00:00:00;2025-05-17 00:00:00;582.5
chute_5;2025-04-17 00:00:00;2025-05-15 00:00:00;665.16
chute_5;2025-04-20 00:00:00;2025-05-18 00:00:00;461.9
chute_5;2025-04-10 00:00:00;2025-05-08 00:00:00;981.8
chute_4;2025-04-05 00:00:00;2025-05-03 00:00:00;1748.3
chute_5;2025-04-11 00:00:00;2025-05-09 00:00:00;1136.6
chute_4;2025-04-04 00:00:00;2025-05-02 00:00:00;1738.4
chute_5;2025-04-08 00:00:00;2025-05-06 00:00:00;1179.5
chute_4;2025-04-07 00:00:00;2025-05-05 00:00:00;1867.9
chute_4;2025-04-06 00:00:00;2025-05-04 00:00:00;1788.9
chute_5;2025-04-14 00:00:00;2025-05-12 00:00:00;1108.45
chute_5;2025-04-15 00:00:00;2025-05-13 00:00:00;1050.5
chute_5;2025-04-12 00:00:00;2025-05-10 00:00:00;1100.6
chute_4;2025-04-03 00:00:00;2025-05-01 00:00:00;1752.8
chute_5;2025-04-13 00:00:00;2025-05-11 00:00:00;1060.5
chute_4;2025-04-13 00:00:00;2025-05-11 00:00:00;1737.6
chute_5;2025-04-03 00:00:00;2025-05-01 00:00:00;917.2
chute_4;2025-04-12 00:00:00;2025-05-10 00:00:00;1718.7
chute_4;2025-04-15 00:00:00;2025-05-13 00:00:00;1845.35
chute_4;2025-04-14 00:00:00;2025-05-12 00:00:00;1760.4
chute_5;2025-04-06 00:00:00;2025-05-04 00:00:00;1200.9
chute_5;2025-04-07 00:00:00;2025-05-05 00:00:00;1115.9
chute_4;2025-04-08 00:00:00;2025-05-06 00:00:00;1841.8
chute_5;2025-04-04 00:00:00;2025-05-02 00:00:00;1017.7
chute_4;2025-04-11 00:00:00;2025-05-09 00:00:00;1606.9
chute_5;2025-04-05 00:00:00;2025-05-03 00:00:00;1153.3
chute_4;2025-04-10 00:00:00;2025-05-08 00:00:00;1642.6
chute_6;2025-04-07 00:00:00;2025-05-05 00:00:00;328.7
chute_7;2025-04-05 00:00:00;2025-05-03 00:00:00;538.7
chute_6;2025-04-06 00:00:00;2025-05-04 00:00:00;343.8
chute_7;2025-04-04 00:00:00;2025-05-02 00:00:00;402.4
chute_6;2025-04-05 00:00:00;2025-05-03 00:00:00;384.3
chute_7;2025-04-07 00:00:00;2025-05-05 00:00:00;514
chute_6;2025-04-04 00:00:00;2025-05-02 00:00:00;366
chute_7;2025-04-06 00:00:00;2025-05-04 00:00:00;427.6
chute_6;2025-04-03 00:00:00;2025-05-01 00:00:00;326.5
chute_7;2025-04-03 00:00:00;2025-05-01 00:00:00;429.4
chute_6;2025-04-15 00:00:00;2025-05-13 00:00:00;389.6
chute_7;2025-04-13 00:00:00;2025-05-11 00:00:00;461.8
chute_6;2025-04-14 00:00:00;2025-05-12 00:00:00;380.2
chute_7;2025-04-12 00:00:00;2025-05-10 00:00:00;541.1
chute_6;2025-04-13 00:00:00;2025-05-11 00:00:00;327.4
chute_7;2025-04-15 00:00:00;2025-05-13 00:00:00;397
chute_6;2025-04-12 00:00:00;2025-05-10 00:00:00;279.7
chute_7;2025-04-14 00:00:00;2025-05-12 00:00:00;582.6
chute_6;2025-04-11 00:00:00;2025-05-09 00:00:00;145.9
chute_6;2025-04-10 00:00:00;2025-05-08 00:00:00;265.14
chute_7;2025-04-08 00:00:00;2025-05-06 00:00:00;424
chute_7;2025-04-11 00:00:00;2025-05-09 00:00:00;602.5
chute_6;2025-04-08 00:00:00;2025-05-06 00:00:00;247.3
chute_7;2025-04-10 00:00:00;2025-05-08 00:00:00;470.5
chute_7;2025-04-20 00:00:00;2025-05-18 00:00:00;469.28
chute_6;2025-04-20 00:00:00;2025-05-18 00:00:00;735.3
chute_6;2025-04-19 00:00:00;2025-05-17 00:00:00;763
chute_7;2025-04-17 00:00:00;2025-05-15 00:00:00;574.4
chute_6;2025-04-18 00:00:00;2025-05-16 00:00:00;575.2
chute_6;2025-04-17 00:00:00;2025-05-15 00:00:00;506.8
chute_7;2025-04-19 00:00:00;2025-05-17 00:00:00;507.4
chute_7;2025-04-18 00:00:00;2025-05-16 00:00:00;402.7
chute_8;2025-04-03 00:00:00;2025-05-01 00:00:00;920.4
chute_9;2025-04-03 00:00:00;2025-05-01 00:00:00;618.68
chute_9;2025-04-04 00:00:00;2025-05-02 00:00:00;700.6
chute_8;2025-04-07 00:00:00;2025-05-05 00:00:00;904.24
chute_9;2025-04-05 00:00:00;2025-05-03 00:00:00;646.1
chute_8;2025-04-06 00:00:00;2025-05-04 00:00:00;936.93
chute_9;2025-04-06 00:00:00;2025-05-04 00:00:00;697.4
chute_8;2025-04-05 00:00:00;2025-05-03 00:00:00;1024.1
chute_9;2025-04-07 00:00:00;2025-05-05 00:00:00;657.5
chute_8;2025-04-04 00:00:00;2025-05-02 00:00:00;842.6
chute_9;2025-04-08 00:00:00;2025-05-06 00:00:00;648.2
chute_8;2025-04-11 00:00:00;2025-05-09 00:00:00;775.43
chute_8;2025-04-10 00:00:00;2025-05-08 00:00:00;807.01
chute_9;2025-04-10 00:00:00;2025-05-08 00:00:00;573.7
chute_9;2025-04-11 00:00:00;2025-05-09 00:00:00;561.5
chute_8;2025-04-08 00:00:00;2025-05-06 00:00:00;957.6
chute_9;2025-04-12 00:00:00;2025-05-10 00:00:00;574.6
chute_8;2025-04-15 00:00:00;2025-05-13 00:00:00;735.9
chute_9;2025-04-13 00:00:00;2025-05-11 00:00:00;494.5
chute_8;2025-04-14 00:00:00;2025-05-12 00:00:00;786.7
chute_9;2025-04-14 00:00:00;2025-05-12 00:00:00;558.7
chute_8;2025-04-13 00:00:00;2025-05-11 00:00:00;747.38
chute_9;2025-04-15 00:00:00;2025-05-13 00:00:00;494.92
chute_8;2025-04-12 00:00:00;2025-05-10 00:00:00;761.25
chute_8;2025-04-19 00:00:00;2025-05-17 00:00:00;993.3
chute_9;2025-04-17 00:00:00;2025-05-15 00:00:00;504.7
chute_8;2025-04-18 00:00:00;2025-05-16 00:00:00;688.62
chute_9;2025-04-18 00:00:00;2025-05-16 00:00:00;529
chute_8;2025-04-17 00:00:00;2025-05-15 00:00:00;832.2
chute_9;2025-04-19 00:00:00;2025-05-17 00:00:00;577.6
chute_9;2025-04-20 00:00:00;2025-05-18 00:00:00;602.9
chute_8;2025-04-20 00:00:00;2025-05-18 00:00:00;850.1
chute_10;2025-04-07 00:00:00;2025-05-05 00:00:00;317.5
chute_11;2025-04-05 00:00:00;2025-05-03 00:00:00;719
chute_10;2025-04-06 00:00:00;2025-05-04 00:00:00;324.63
chute_11;2025-04-04 00:00:00;2025-05-02 00:00:00;737.1
chute_10;2025-04-05 00:00:00;2025-05-03 00:00:00;392.1
chute_11;2025-04-07 00:00:00;2025-05-05 00:00:00;628.7
chute_10;2025-04-04 00:00:00;2025-05-02 00:00:00;524
chute_11;2025-04-06 00:00:00;2025-05-04 00:00:00;597
chute_10;2025-04-03 00:00:00;2025-05-01 00:00:00;493.4
chute_11;2025-04-03 00:00:00;2025-05-01 00:00:00;699.6
chute_10;2025-04-15 00:00:00;2025-05-13 00:00:00;490.4
chute_11;2025-04-13 00:00:00;2025-05-11 00:00:00;839.9
chute_10;2025-04-14 00:00:00;2025-05-12 00:00:00;538.54
chute_11;2025-04-12 00:00:00;2025-05-10 00:00:00;895.9
chute_10;2025-04-13 00:00:00;2025-05-11 00:00:00;486.8
chute_11;2025-04-15 00:00:00;2025-05-13 00:00:00;893.9
chute_10;2025-04-12 00:00:00;2025-05-10 00:00:00;406.7
chute_11;2025-04-14 00:00:00;2025-05-12 00:00:00;861.66
chute_10;2025-04-11 00:00:00;2025-05-09 00:00:00;391.9
chute_10;2025-04-10 00:00:00;2025-05-08 00:00:00;285.3
chute_11;2025-04-08 00:00:00;2025-05-06 00:00:00;637.5
chute_11;2025-04-11 00:00:00;2025-05-09 00:00:00;854.92
chute_10;2025-04-08 00:00:00;2025-05-06 00:00:00;319.1
chute_11;2025-04-10 00:00:00;2025-05-08 00:00:00;663
chute_11;2025-04-20 00:00:00;2025-05-18 00:00:00;534
chute_10;2025-04-20 00:00:00;2025-05-18 00:00:00;706.22
chute_10;2025-04-19 00:00:00;2025-05-17 00:00:00;634.8
chute_11;2025-04-17 00:00:00;2025-05-15 00:00:00;667.41
chute_10;2025-04-18 00:00:00;2025-05-16 00:00:00;469.5
chute_10;2025-04-17 00:00:00;2025-05-15 00:00:00;508.5
chute_11;2025-04-19 00:00:00;2025-05-17 00:00:00;580
chute_11;2025-04-18 00:00:00;2025-05-16 00:00:00;666.23
chute_12;2025-04-04 00:00:00;2025-05-02 00:00:00;1049.1
chute_13;2025-04-12 00:00:00;2025-05-10 00:00:00;1018.38
chute_14;2025-04-08 00:00:00;2025-05-06 00:00:00;621.9
chute_15;2025-04-05 00:00:00;2025-05-03 00:00:00;129
chute_12;2025-04-05 00:00:00;2025-05-03 00:00:00;1022.14
chute_13;2025-04-13 00:00:00;2025-05-11 00:00:00;967.2
chute_15;2025-04-04 00:00:00;2025-05-02 00:00:00;209
chute_12;2025-04-06 00:00:00;2025-05-04 00:00:00;1059.5
chute_13;2025-04-14 00:00:00;2025-05-12 00:00:00;1009.8
chute_14;2025-04-10 00:00:00;2025-05-08 00:00:00;590.34
chute_15;2025-04-07 00:00:00;2025-05-05 00:00:00;238.18
chute_12;2025-04-07 00:00:00;2025-05-05 00:00:00;953.7
chute_13;2025-04-15 00:00:00;2025-05-13 00:00:00;371.95
chute_14;2025-04-11 00:00:00;2025-05-09 00:00:00;445.32
chute_15;2025-04-06 00:00:00;2025-05-04 00:00:00;149
chute_13;2025-04-08 00:00:00;2025-05-06 00:00:00;1040.95
chute_14;2025-04-12 00:00:00;2025-05-10 00:00:00;497.1
chute_14;2025-04-13 00:00:00;2025-05-11 00:00:00;478.06
chute_13;2025-04-10 00:00:00;2025-05-08 00:00:00;1096.6
chute_14;2025-04-14 00:00:00;2025-05-12 00:00:00;383.3
chute_15;2025-04-03 00:00:00;2025-05-01 00:00:00;110
chute_12;2025-04-03 00:00:00;2025-05-01 00:00:00;999.2
chute_13;2025-04-11 00:00:00;2025-05-09 00:00:00;1089.5
chute_14;2025-04-15 00:00:00;2025-05-13 00:00:00;282.64
chute_12;2025-04-12 00:00:00;2025-05-10 00:00:00;1141
chute_13;2025-04-04 00:00:00;2025-05-02 00:00:00;827.67
chute_15;2025-04-13 00:00:00;2025-05-11 00:00:00;224
chute_12;2025-04-13 00:00:00;2025-05-11 00:00:00;748.8
chute_13;2025-04-05 00:00:00;2025-05-03 00:00:00;865.7
chute_15;2025-04-12 00:00:00;2025-05-10 00:00:00;250.85
chute_12;2025-04-14 00:00:00;2025-05-12 00:00:00;829
chute_13;2025-04-06 00:00:00;2025-05-04 00:00:00;859.9
chute_15;2025-04-15 00:00:00;2025-05-13 00:00:00;333.2
chute_12;2025-04-15 00:00:00;2025-05-13 00:00:00;619.7
chute_13;2025-04-07 00:00:00;2025-05-05 00:00:00;916
chute_14;2025-04-03 00:00:00;2025-05-01 00:00:00;455.1
chute_15;2025-04-14 00:00:00;2025-05-12 00:00:00;247.2
chute_12;2025-04-08 00:00:00;2025-05-06 00:00:00;998
chute_14;2025-04-04 00:00:00;2025-05-02 00:00:00;567.9
chute_14;2025-04-05 00:00:00;2025-05-03 00:00:00;514
chute_15;2025-04-08 00:00:00;2025-05-06 00:00:00;157
chute_12;2025-04-10 00:00:00;2025-05-08 00:00:00;1052.7
chute_14;2025-04-06 00:00:00;2025-05-04 00:00:00;620.6
chute_15;2025-04-11 00:00:00;2025-05-09 00:00:00;167
chute_12;2025-04-11 00:00:00;2025-05-09 00:00:00;1027.6
chute_13;2025-04-03 00:00:00;2025-05-01 00:00:00;976
chute_14;2025-04-07 00:00:00;2025-05-05 00:00:00;577.7
chute_15;2025-04-10 00:00:00;2025-05-08 00:00:00;194.4
chute_12;2025-04-20 00:00:00;2025-05-18 00:00:00;726.3
chute_15;2025-04-20 00:00:00;2025-05-18 00:00:00;319.86
chute_15;2025-04-17 00:00:00;2025-05-15 00:00:00;163.9
chute_12;2025-04-17 00:00:00;2025-05-15 00:00:00;919.5
chute_12;2025-04-18 00:00:00;2025-05-16 00:00:00;836.78
chute_15;2025-04-19 00:00:00;2025-05-17 00:00:00;178
chute_12;2025-04-19 00:00:00;2025-05-17 00:00:00;977.56
chute_15;2025-04-18 00:00:00;2025-05-16 00:00:00;148
chute_13;2025-04-20 00:00:00;2025-05-18 00:00:00;931.4
chute_14;2025-04-17 00:00:00;2025-05-15 00:00:00;249.3
chute_14;2025-04-18 00:00:00;2025-05-16 00:00:00;234.5
chute_14;2025-04-19 00:00:00;2025-05-17 00:00:00;227.3
chute_14;2025-04-20 00:00:00;2025-05-18 00:00:00;168.62
chute_13;2025-04-17 00:00:00;2025-05-15 00:00:00;982
chute_13;2025-04-18 00:00:00;2025-05-16 00:00:00;747.2
chute_13;2025-04-19 00:00:00;2025-05-17 00:00:00;1043.9
chute_16;2025-04-14 00:00:00;2025-05-12 00:00:00;567
chute_17;2025-04-05 00:00:00;2025-05-03 00:00:00;650.9
chute_18;2025-04-07 00:00:00;2025-05-05 00:00:00;1083.5
chute_16;2025-04-15 00:00:00;2025-05-13 00:00:00;518.12
chute_17;2025-04-04 00:00:00;2025-05-02 00:00:00;639.4
chute_18;2025-04-06 00:00:00;2025-05-04 00:00:00;1248.8
chute_16;2025-04-12 00:00:00;2025-05-10 00:00:00;542.4
chute_17;2025-04-07 00:00:00;2025-05-05 00:00:00;681.5
chute_18;2025-04-05 00:00:00;2025-05-03 00:00:00;1273.8
chute_16;2025-04-13 00:00:00;2025-05-11 00:00:00;596.2
chute_17;2025-04-06 00:00:00;2025-05-04 00:00:00;675.3
chute_18;2025-04-04 00:00:00;2025-05-02 00:00:00;1122.9
chute_16;2025-04-10 00:00:00;2025-05-08 00:00:00;496.8
chute_18;2025-04-03 00:00:00;2025-05-01 00:00:00;1291.28
chute_16;2025-04-11 00:00:00;2025-05-09 00:00:00;517.47
chute_16;2025-04-08 00:00:00;2025-05-06 00:00:00;536.6
chute_17;2025-04-03 00:00:00;2025-05-01 00:00:00;534.3
chute_16;2025-04-06 00:00:00;2025-05-04 00:00:00;490.3
chute_18;2025-04-15 00:00:00;2025-05-13 00:00:00;848.35
chute_17;2025-04-13 00:00:00;2025-05-11 00:00:00;744.98
chute_16;2025-04-07 00:00:00;2025-05-05 00:00:00;472.5
chute_18;2025-04-14 00:00:00;2025-05-12 00:00:00;1209.2
chute_17;2025-04-12 00:00:00;2025-05-10 00:00:00;845.7
chute_16;2025-04-04 00:00:00;2025-05-02 00:00:00;427.68
chute_18;2025-04-13 00:00:00;2025-05-11 00:00:00;1052.5
chute_17;2025-04-15 00:00:00;2025-05-13 00:00:00;432.2
chute_16;2025-04-05 00:00:00;2025-05-03 00:00:00;417
chute_18;2025-04-12 00:00:00;2025-05-10 00:00:00;1217.6
chute_17;2025-04-14 00:00:00;2025-05-12 00:00:00;751.2
chute_18;2025-04-11 00:00:00;2025-05-09 00:00:00;1142.7
chute_16;2025-04-03 00:00:00;2025-05-01 00:00:00;550.9
chute_18;2025-04-10 00:00:00;2025-05-08 00:00:00;1035.8
chute_17;2025-04-08 00:00:00;2025-05-06 00:00:00;716.6
chute_17;2025-04-11 00:00:00;2025-05-09 00:00:00;818.5
chute_18;2025-04-08 00:00:00;2025-05-06 00:00:00;1486
chute_17;2025-04-10 00:00:00;2025-05-08 00:00:00;766.48
chute_17;2025-04-20 00:00:00;2025-05-18 00:00:00;819.72
chute_18;2025-04-20 00:00:00;2025-05-18 00:00:00;979.7
chute_17;2025-04-17 00:00:00;2025-05-15 00:00:00;806.62
chute_18;2025-04-19 00:00:00;2025-05-17 00:00:00;1202.3
chute_18;2025-04-18 00:00:00;2025-05-16 00:00:00;898.62
chute_17;2025-04-19 00:00:00;2025-05-17 00:00:00;898.04
chute_18;2025-04-17 00:00:00;2025-05-15 00:00:00;1386.9
chute_17;2025-04-18 00:00:00;2025-05-16 00:00:00;787.94
chute_16;2025-04-20 00:00:00;2025-05-18 00:00:00;499.68
chute_16;2025-04-18 00:00:00;2025-05-16 00:00:00;422.24
chute_16;2025-04-19 00:00:00;2025-05-17 00:00:00;457.44
chute_16;2025-04-17 00:00:00;2025-05-15 00:00:00;510.11
chute_19;2025-04-19 00:00:00;2025-05-17 00:00:00;273.6
chute_20;2025-04-17 00:00:00;2025-05-15 00:00:00;505.6
chute_21;2025-04-13 00:00:00;2025-05-11 00:00:00;636.4
chute_22;2025-04-17 00:00:00;2025-05-15 00:00:00;778.12
chute_19;2025-04-18 00:00:00;2025-05-16 00:00:00;230
chute_23;2025-04-17 00:00:00;2025-05-15 00:00:00;604.2
chute_21;2025-04-12 00:00:00;2025-05-10 00:00:00;771.98
chute_22;2025-04-18 00:00:00;2025-05-16 00:00:00;614.87
chute_19;2025-04-17 00:00:00;2025-05-15 00:00:00;278.56
chute_23;2025-04-18 00:00:00;2025-05-16 00:00:00;466.9
chute_20;2025-04-19 00:00:00;2025-05-17 00:00:00;371.9
chute_21;2025-04-15 00:00:00;2025-05-13 00:00:00;700.6
chute_22;2025-04-19 00:00:00;2025-05-17 00:00:00;887.09
chute_23;2025-04-19 00:00:00;2025-05-17 00:00:00;532.8
chute_20;2025-04-18 00:00:00;2025-05-16 00:00:00;488.33
chute_21;2025-04-14 00:00:00;2025-05-12 00:00:00;682.96
chute_22;2025-04-20 00:00:00;2025-05-18 00:00:00;656.17
chute_23;2025-04-20 00:00:00;2025-05-18 00:00:00;493.5
chute_20;2025-04-20 00:00:00;2025-05-18 00:00:00;545.5
chute_21;2025-04-08 00:00:00;2025-05-06 00:00:00;714.48
chute_21;2025-04-11 00:00:00;2025-05-09 00:00:00;724.8
chute_19;2025-04-20 00:00:00;2025-05-18 00:00:00;256.6
chute_21;2025-04-10 00:00:00;2025-05-08 00:00:00;764.79
chute_21;2025-04-05 00:00:00;2025-05-03 00:00:00;615.76
chute_24;2025-04-20 00:00:00;2025-05-18 00:00:00;1870.26
chute_21;2025-04-04 00:00:00;2025-05-02 00:00:00;398.9
chute_21;2025-04-07 00:00:00;2025-05-05 00:00:00;664
chute_21;2025-04-06 00:00:00;2025-05-04 00:00:00;657.2
chute_24;2025-04-17 00:00:00;2025-05-15 00:00:00;1822.9
chute_24;2025-04-19 00:00:00;2025-05-17 00:00:00;1981.1
chute_21;2025-04-03 00:00:00;2025-05-01 00:00:00;487.9
chute_24;2025-04-18 00:00:00;2025-05-16 00:00:00;1734.18
chute_24;2025-04-13 00:00:00;2025-05-11 00:00:00;1856.1
chute_19;2025-04-03 00:00:00;2025-05-01 00:00:00;331.6
chute_24;2025-04-12 00:00:00;2025-05-10 00:00:00;1942.7
chute_24;2025-04-15 00:00:00;2025-05-13 00:00:00;1710.52
chute_20;2025-04-03 00:00:00;2025-05-01 00:00:00;683.8
chute_22;2025-04-03 00:00:00;2025-05-01 00:00:00;805.7
chute_24;2025-04-14 00:00:00;2025-05-12 00:00:00;1978.74
chute_23;2025-04-03 00:00:00;2025-05-01 00:00:00;721.7
chute_22;2025-04-04 00:00:00;2025-05-02 00:00:00;889.86
chute_19;2025-04-07 00:00:00;2025-05-05 00:00:00;426.5
chute_23;2025-04-04 00:00:00;2025-05-02 00:00:00;778.2
chute_20;2025-04-05 00:00:00;2025-05-03 00:00:00;911.3
chute_22;2025-04-05 00:00:00;2025-05-03 00:00:00;957.3
chute_24;2025-04-08 00:00:00;2025-05-06 00:00:00;1952.7
chute_19;2025-04-06 00:00:00;2025-05-04 00:00:00;363.6
chute_23;2025-04-05 00:00:00;2025-05-03 00:00:00;772.6
chute_20;2025-04-04 00:00:00;2025-05-02 00:00:00;644.41
chute_22;2025-04-06 00:00:00;2025-05-04 00:00:00;1061.8
chute_24;2025-04-11 00:00:00;2025-05-09 00:00:00;1777.58
chute_19;2025-04-05 00:00:00;2025-05-03 00:00:00;414.6
chute_23;2025-04-06 00:00:00;2025-05-04 00:00:00;695.48
chute_20;2025-04-07 00:00:00;2025-05-05 00:00:00;603.2
chute_22;2025-04-07 00:00:00;2025-05-05 00:00:00;914.7
chute_24;2025-04-10 00:00:00;2025-05-08 00:00:00;2005.7
chute_19;2025-04-04 00:00:00;2025-05-02 00:00:00;433.9
chute_23;2025-04-07 00:00:00;2025-05-05 00:00:00;656.5
chute_20;2025-04-06 00:00:00;2025-05-04 00:00:00;733.5
chute_22;2025-04-08 00:00:00;2025-05-06 00:00:00;1069.03
chute_24;2025-04-05 00:00:00;2025-05-03 00:00:00;1677.72
chute_19;2025-04-11 00:00:00;2025-05-09 00:00:00;398.99
chute_23;2025-04-08 00:00:00;2025-05-06 00:00:00;688.3
chute_24;2025-04-04 00:00:00;2025-05-02 00:00:00;1789.72
chute_19;2025-04-10 00:00:00;2025-05-08 00:00:00;431.5
chute_21;2025-04-20 00:00:00;2025-05-18 00:00:00;684.02
chute_20;2025-04-08 00:00:00;2025-05-06 00:00:00;608.92
chute_22;2025-04-10 00:00:00;2025-05-08 00:00:00;888.03
chute_24;2025-04-07 00:00:00;2025-05-05 00:00:00;1828.56
chute_23;2025-04-10 00:00:00;2025-05-08 00:00:00;707
chute_20;2025-04-11 00:00:00;2025-05-09 00:00:00;637.69
chute_22;2025-04-11 00:00:00;2025-05-09 00:00:00;765.74
chute_24;2025-04-06 00:00:00;2025-05-04 00:00:00;1973.2
chute_19;2025-04-08 00:00:00;2025-05-06 00:00:00;447.6
chute_23;2025-04-11 00:00:00;2025-05-09 00:00:00;740.2
chute_20;2025-04-10 00:00:00;2025-05-08 00:00:00;831.28
chute_22;2025-04-12 00:00:00;2025-05-10 00:00:00;777.14
chute_19;2025-04-15 00:00:00;2025-05-13 00:00:00;282.2
chute_23;2025-04-12 00:00:00;2025-05-10 00:00:00;727.23
chute_21;2025-04-17 00:00:00;2025-05-15 00:00:00;636.34
chute_20;2025-04-13 00:00:00;2025-05-11 00:00:00;547.6
chute_22;2025-04-13 00:00:00;2025-05-11 00:00:00;704.27
chute_19;2025-04-14 00:00:00;2025-05-12 00:00:00;190.6
chute_23;2025-04-13 00:00:00;2025-05-11 00:00:00;486.7
chute_20;2025-04-12 00:00:00;2025-05-10 00:00:00;470.51
chute_22;2025-04-14 00:00:00;2025-05-12 00:00:00;825.68
chute_24;2025-04-03 00:00:00;2025-05-01 00:00:00;2085.5
chute_19;2025-04-13 00:00:00;2025-05-11 00:00:00;268.92
chute_23;2025-04-14 00:00:00;2025-05-12 00:00:00;558.2
chute_21;2025-04-19 00:00:00;2025-05-17 00:00:00;723.81
chute_20;2025-04-15 00:00:00;2025-05-13 00:00:00;541.3
chute_22;2025-04-15 00:00:00;2025-05-13 00:00:00;513.9
chute_19;2025-04-12 00:00:00;2025-05-10 00:00:00;340.5
chute_23;2025-04-15 00:00:00;2025-05-13 00:00:00;387.3
chute_21;2025-04-18 00:00:00;2025-05-16 00:00:00;673.61
chute_20;2025-04-14 00:00:00;2025-05-12 00:00:00;528.2
chute_25;2025-04-20 00:00:00;2025-05-18 00:00:00;438.5
chute_25;2025-04-17 00:00:00;2025-05-15 00:00:00;454
chute_25;2025-04-18 00:00:00;2025-05-16 00:00:00;368.4
chute_25;2025-04-19 00:00:00;2025-05-17 00:00:00;583.1
chute_25;2025-04-12 00:00:00;2025-05-10 00:00:00;631.3
chute_25;2025-04-13 00:00:00;2025-05-11 00:00:00;588.5
chute_25;2025-04-14 00:00:00;2025-05-12 00:00:00;690.48
chute_25;2025-04-15 00:00:00;2025-05-13 00:00:00;502.36
chute_25;2025-04-08 00:00:00;2025-05-06 00:00:00;782.5
chute_25;2025-04-10 00:00:00;2025-05-08 00:00:00;783.7
chute_25;2025-04-11 00:00:00;2025-05-09 00:00:00;641.43
chute_25;2025-04-04 00:00:00;2025-05-02 00:00:00;668.1
chute_25;2025-04-05 00:00:00;2025-05-03 00:00:00;790.7
chute_25;2025-04-06 00:00:00;2025-05-04 00:00:00;761.6
chute_25;2025-04-07 00:00:00;2025-05-05 00:00:00;731.8
chute_25;2025-04-03 00:00:00;2025-05-01 00:00:00;693.3
chute_26;2025-04-10 00:00:00;2025-05-08 00:00:00;183
chute_27;2025-04-18 00:00:00;2025-05-16 00:00:00;1830.7
chute_26;2025-04-11 00:00:00;2025-05-09 00:00:00;429
chute_27;2025-04-19 00:00:00;2025-05-17 00:00:00;1936.9
chute_26;2025-04-08 00:00:00;2025-05-06 00:00:00;108
chute_27;2025-04-17 00:00:00;2025-05-15 00:00:00;1780.9
chute_26;2025-04-14 00:00:00;2025-05-12 00:00:00;229.93
chute_26;2025-04-15 00:00:00;2025-05-13 00:00:00;478.9
chute_26;2025-04-12 00:00:00;2025-05-10 00:00:00;215.9
chute_27;2025-04-20 00:00:00;2025-05-18 00:00:00;1880.92
chute_26;2025-04-13 00:00:00;2025-05-11 00:00:00;202.9
chute_26;2025-04-03 00:00:00;2025-05-01 00:00:00;338
chute_26;2025-04-06 00:00:00;2025-05-04 00:00:00;352
chute_26;2025-04-07 00:00:00;2025-05-05 00:00:00;135.78
chute_26;2025-04-04 00:00:00;2025-05-02 00:00:00;107
chute_26;2025-04-05 00:00:00;2025-05-03 00:00:00;106
chute_27;2025-04-03 00:00:00;2025-05-01 00:00:00;1797.12
chute_27;2025-04-06 00:00:00;2025-05-04 00:00:00;1681.2
chute_27;2025-04-07 00:00:00;2025-05-05 00:00:00;1366.3
chute_27;2025-04-04 00:00:00;2025-05-02 00:00:00;1770.3
chute_27;2025-04-05 00:00:00;2025-05-03 00:00:00;1765.36
chute_26;2025-04-18 00:00:00;2025-05-16 00:00:00;198
chute_27;2025-04-10 00:00:00;2025-05-08 00:00:00;1632.4
chute_26;2025-04-19 00:00:00;2025-05-17 00:00:00;196
chute_27;2025-04-11 00:00:00;2025-05-09 00:00:00;1629.1
chute_27;2025-04-08 00:00:00;2025-05-06 00:00:00;1397.1
chute_26;2025-04-17 00:00:00;2025-05-15 00:00:00;132.08
chute_27;2025-04-14 00:00:00;2025-05-12 00:00:00;1655.3
chute_27;2025-04-15 00:00:00;2025-05-13 00:00:00;1577
chute_26;2025-04-20 00:00:00;2025-05-18 00:00:00;215
chute_27;2025-04-12 00:00:00;2025-05-10 00:00:00;1526.8
chute_27;2025-04-13 00:00:00;2025-05-11 00:00:00;1304.2
chute_28;2025-04-11 00:00:00;2025-05-09 00:00:00;372.4
chute_28;2025-04-10 00:00:00;2025-05-08 00:00:00;292.7
chute_28;2025-04-08 00:00:00;2025-05-06 00:00:00;397.7
chute_28;2025-04-15 00:00:00;2025-05-13 00:00:00;469.74
chute_28;2025-04-14 00:00:00;2025-05-12 00:00:00;471.05
chute_28;2025-04-13 00:00:00;2025-05-11 00:00:00;414.2
chute_28;2025-04-12 00:00:00;2025-05-10 00:00:00;376.4
chute_28;2025-04-03 00:00:00;2025-05-01 00:00:00;274.5
chute_28;2025-04-07 00:00:00;2025-05-05 00:00:00;350.5
chute_28;2025-04-06 00:00:00;2025-05-04 00:00:00;330.3
chute_28;2025-04-05 00:00:00;2025-05-03 00:00:00;386.32
chute_28;2025-04-04 00:00:00;2025-05-02 00:00:00;314.2
chute_28;2025-04-19 00:00:00;2025-05-17 00:00:00;357.4
chute_28;2025-04-18 00:00:00;2025-05-16 00:00:00;362.4
chute_28;2025-04-17 00:00:00;2025-05-15 00:00:00;413.12
chute_28;2025-04-20 00:00:00;2025-05-18 00:00:00;339
chute_29;2025-04-19 00:00:00;2025-05-17 00:00:00;304.12
chute_29;2025-04-18 00:00:00;2025-05-16 00:00:00;207.11
chute_29;2025-04-17 00:00:00;2025-05-15 00:00:00;174
chute_29;2025-04-20 00:00:00;2025-05-18 00:00:00;252.1
chute_29;2025-04-03 00:00:00;2025-05-01 00:00:00;180.4
chute_29;2025-04-07 00:00:00;2025-05-05 00:00:00;456.2
chute_29;2025-04-06 00:00:00;2025-05-04 00:00:00;435.8
chute_29;2025-04-05 00:00:00;2025-05-03 00:00:00;516.9
chute_29;2025-04-04 00:00:00;2025-05-02 00:00:00;368
chute_29;2025-04-11 00:00:00;2025-05-09 00:00:00;426.31
chute_29;2025-04-10 00:00:00;2025-05-08 00:00:00;487.9
chute_29;2025-04-08 00:00:00;2025-05-06 00:00:00;542.2
chute_29;2025-04-15 00:00:00;2025-05-13 00:00:00;153
chute_29;2025-04-14 00:00:00;2025-05-12 00:00:00;128.83
chute_29;2025-04-13 00:00:00;2025-05-11 00:00:00;182
chute_29;2025-04-12 00:00:00;2025-05-10 00:00:00;273.44
chute_30;2025-04-06 00:00:00;2025-05-04 00:00:00;945.8
chute_30;2025-04-07 00:00:00;2025-05-05 00:00:00;999.1
chute_30;2025-04-04 00:00:00;2025-05-02 00:00:00;1124.97
chute_31;2025-04-03 00:00:00;2025-05-01 00:00:00;762.93
chute_30;2025-04-05 00:00:00;2025-05-03 00:00:00;956.8
chute_31;2025-04-04 00:00:00;2025-05-02 00:00:00;807.6
chute_31;2025-04-05 00:00:00;2025-05-03 00:00:00;937.1
chute_30;2025-04-03 00:00:00;2025-05-01 00:00:00;864.5
chute_31;2025-04-06 00:00:00;2025-05-04 00:00:00;1043.6
chute_31;2025-04-07 00:00:00;2025-05-05 00:00:00;962.46
chute_31;2025-04-08 00:00:00;2025-05-06 00:00:00;1099.5
chute_30;2025-04-14 00:00:00;2025-05-12 00:00:00;1000.3
chute_30;2025-04-15 00:00:00;2025-05-13 00:00:00;544.9
chute_31;2025-04-10 00:00:00;2025-05-08 00:00:00;1018.1
chute_30;2025-04-12 00:00:00;2025-05-10 00:00:00;1041.85
chute_31;2025-04-11 00:00:00;2025-05-09 00:00:00;1112
chute_30;2025-04-13 00:00:00;2025-05-11 00:00:00;877
chute_31;2025-04-12 00:00:00;2025-05-10 00:00:00;1036.7
chute_30;2025-04-10 00:00:00;2025-05-08 00:00:00;1160.2
chute_31;2025-04-13 00:00:00;2025-05-11 00:00:00;965.5
chute_30;2025-04-11 00:00:00;2025-05-09 00:00:00;1346
chute_31;2025-04-14 00:00:00;2025-05-12 00:00:00;996.1
chute_30;2025-04-08 00:00:00;2025-05-06 00:00:00;1061.6
chute_31;2025-04-15 00:00:00;2025-05-13 00:00:00;943.1
chute_31;2025-04-17 00:00:00;2025-05-15 00:00:00;937.6
chute_31;2025-04-18 00:00:00;2025-05-16 00:00:00;725.82
chute_30;2025-04-20 00:00:00;2025-05-18 00:00:00;921.32
chute_31;2025-04-19 00:00:00;2025-05-17 00:00:00;881.3
chute_31;2025-04-20 00:00:00;2025-05-18 00:00:00;810.2
chute_30;2025-04-18 00:00:00;2025-05-16 00:00:00;1204.59
chute_30;2025-04-19 00:00:00;2025-05-17 00:00:00;1010.89
chute_30;2025-04-17 00:00:00;2025-05-15 00:00:00;1021.77
chute_32;2025-04-08 00:00:00;2025-05-06 00:00:00;2102.5
chute_32;2025-04-10 00:00:00;2025-05-08 00:00:00;2306.8
chute_32;2025-04-11 00:00:00;2025-05-09 00:00:00;2118.2
chute_32;2025-04-12 00:00:00;2025-05-10 00:00:00;2074.2
chute_32;2025-04-13 00:00:00;2025-05-11 00:00:00;1622.95
chute_32;2025-04-14 00:00:00;2025-05-12 00:00:00;1454.8
chute_32;2025-04-15 00:00:00;2025-05-13 00:00:00;2160.32
chute_32;2025-04-03 00:00:00;2025-05-01 00:00:00;2038.8
chute_32;2025-04-04 00:00:00;2025-05-02 00:00:00;2052.64
chute_32;2025-04-05 00:00:00;2025-05-03 00:00:00;2062.6
chute_32;2025-04-06 00:00:00;2025-05-04 00:00:00;2022.2
chute_32;2025-04-07 00:00:00;2025-05-05 00:00:00;2250.2
chute_32;2025-04-17 00:00:00;2025-05-15 00:00:00;2070.9
chute_32;2025-04-18 00:00:00;2025-05-16 00:00:00;2042
chute_32;2025-04-19 00:00:00;2025-05-17 00:00:00;2140.5
chute_32;2025-04-20 00:00:00;2025-05-18 00:00:00;1663.1
chute_33;2025-04-15 00:00:00;2025-05-13 00:00:00;263
chute_34;2025-04-05 00:00:00;2025-05-03 00:00:00;652.9
chute_35;2025-04-04 00:00:00;2025-05-02 00:00:00;1449.29
chute_36;2025-04-03 00:00:00;2025-05-01 00:00:00;991.5
chute_33;2025-04-14 00:00:00;2025-05-12 00:00:00;679.2
chute_34;2025-04-04 00:00:00;2025-05-02 00:00:00;699.42
chute_35;2025-04-05 00:00:00;2025-05-03 00:00:00;1561.1
chute_33;2025-04-13 00:00:00;2025-05-11 00:00:00;670.5
chute_34;2025-04-07 00:00:00;2025-05-05 00:00:00;715.2
chute_35;2025-04-06 00:00:00;2025-05-04 00:00:00;1508.6
chute_33;2025-04-12 00:00:00;2025-05-10 00:00:00;673.2
chute_34;2025-04-06 00:00:00;2025-05-04 00:00:00;667.9
chute_35;2025-04-07 00:00:00;2025-05-05 00:00:00;1297.6
chute_33;2025-04-11 00:00:00;2025-05-09 00:00:00;654.2
chute_36;2025-04-07 00:00:00;2025-05-05 00:00:00;852.1
chute_33;2025-04-10 00:00:00;2025-05-08 00:00:00;627.73
chute_36;2025-04-06 00:00:00;2025-05-04 00:00:00;876.5
chute_34;2025-04-03 00:00:00;2025-05-01 00:00:00;820.5
chute_36;2025-04-05 00:00:00;2025-05-03 00:00:00;856.3
chute_33;2025-04-08 00:00:00;2025-05-06 00:00:00;564.95
chute_35;2025-04-03 00:00:00;2025-05-01 00:00:00;1505.8
chute_36;2025-04-04 00:00:00;2025-05-02 00:00:00;856.4
chute_33;2025-04-07 00:00:00;2025-05-05 00:00:00;579.3
chute_34;2025-04-13 00:00:00;2025-05-11 00:00:00;547
chute_35;2025-04-12 00:00:00;2025-05-10 00:00:00;1365.16
chute_36;2025-04-11 00:00:00;2025-05-09 00:00:00;809
chute_33;2025-04-06 00:00:00;2025-05-04 00:00:00;683.4
chute_34;2025-04-12 00:00:00;2025-05-10 00:00:00;596.42
chute_35;2025-04-13 00:00:00;2025-05-11 00:00:00;1194.73
chute_36;2025-04-10 00:00:00;2025-05-08 00:00:00;743.37
chute_33;2025-04-05 00:00:00;2025-05-03 00:00:00;793.6
chute_34;2025-04-15 00:00:00;2025-05-13 00:00:00;562.74
chute_35;2025-04-14 00:00:00;2025-05-12 00:00:00;1400.82
chute_33;2025-04-04 00:00:00;2025-05-02 00:00:00;708.1
chute_34;2025-04-14 00:00:00;2025-05-12 00:00:00;548.13
chute_35;2025-04-15 00:00:00;2025-05-13 00:00:00;752.63
chute_36;2025-04-08 00:00:00;2025-05-06 00:00:00;928.14
chute_33;2025-04-03 00:00:00;2025-05-01 00:00:00;655.7
chute_35;2025-04-08 00:00:00;2025-05-06 00:00:00;1440.27
chute_36;2025-04-15 00:00:00;2025-05-13 00:00:00;548.7
chute_34;2025-04-08 00:00:00;2025-05-06 00:00:00;747.5
chute_36;2025-04-14 00:00:00;2025-05-12 00:00:00;575
chute_34;2025-04-11 00:00:00;2025-05-09 00:00:00;637.6
chute_35;2025-04-10 00:00:00;2025-05-08 00:00:00;1405.1
chute_36;2025-04-13 00:00:00;2025-05-11 00:00:00;545.4
chute_34;2025-04-10 00:00:00;2025-05-08 00:00:00;771.4
chute_35;2025-04-11 00:00:00;2025-05-09 00:00:00;1288.68
chute_36;2025-04-12 00:00:00;2025-05-10 00:00:00;712.74
chute_35;2025-04-20 00:00:00;2025-05-18 00:00:00;1163.83
chute_36;2025-04-19 00:00:00;2025-05-17 00:00:00;596.6
chute_34;2025-04-20 00:00:00;2025-05-18 00:00:00;403.88
chute_36;2025-04-18 00:00:00;2025-05-16 00:00:00;455.3
chute_36;2025-04-17 00:00:00;2025-05-15 00:00:00;617.56
chute_34;2025-04-17 00:00:00;2025-05-15 00:00:00;582.45
chute_35;2025-04-17 00:00:00;2025-05-15 00:00:00;1474.28
chute_34;2025-04-19 00:00:00;2025-05-17 00:00:00;523.64
chute_35;2025-04-18 00:00:00;2025-05-16 00:00:00;1202.77
chute_34;2025-04-18 00:00:00;2025-05-16 00:00:00;532
chute_35;2025-04-19 00:00:00;2025-05-17 00:00:00;1414.92
chute_36;2025-04-20 00:00:00;2025-05-18 00:00:00;508.4
chute_33;2025-04-20 00:00:00;2025-05-18 00:00:00;507
chute_33;2025-04-19 00:00:00;2025-05-17 00:00:00;574.2
chute_33;2025-04-18 00:00:00;2025-05-16 00:00:00;505.06
chute_33;2025-04-17 00:00:00;2025-05-15 00:00:00;589.7
chute_37;2025-04-03 00:00:00;2025-05-01 00:00:00;916.88
chute_38;2025-04-03 00:00:00;2025-05-01 00:00:00;877.7
chute_37;2025-04-06 00:00:00;2025-05-04 00:00:00;1081.4
chute_38;2025-04-04 00:00:00;2025-05-02 00:00:00;1093
chute_37;2025-04-07 00:00:00;2025-05-05 00:00:00;1137.16
chute_38;2025-04-05 00:00:00;2025-05-03 00:00:00;1008.4
chute_37;2025-04-04 00:00:00;2025-05-02 00:00:00;907.17
chute_38;2025-04-06 00:00:00;2025-05-04 00:00:00;817.4
chute_37;2025-04-05 00:00:00;2025-05-03 00:00:00;979.08
chute_38;2025-04-07 00:00:00;2025-05-05 00:00:00;797.5
chute_37;2025-04-10 00:00:00;2025-05-08 00:00:00;1217.86
chute_38;2025-04-08 00:00:00;2025-05-06 00:00:00;905.1
chute_37;2025-04-11 00:00:00;2025-05-09 00:00:00;1145.68
chute_37;2025-04-08 00:00:00;2025-05-06 00:00:00;1204.6
chute_38;2025-04-10 00:00:00;2025-05-08 00:00:00;872
chute_38;2025-04-11 00:00:00;2025-05-09 00:00:00;913
chute_37;2025-04-14 00:00:00;2025-05-12 00:00:00;1204.06
chute_38;2025-04-12 00:00:00;2025-05-10 00:00:00;940.76
chute_37;2025-04-15 00:00:00;2025-05-13 00:00:00;1322.36
chute_38;2025-04-13 00:00:00;2025-05-11 00:00:00;904.1
chute_37;2025-04-12 00:00:00;2025-05-10 00:00:00;1183.4
chute_38;2025-04-14 00:00:00;2025-05-12 00:00:00;1075.6
chute_37;2025-04-13 00:00:00;2025-05-11 00:00:00;1078.3
chute_38;2025-04-15 00:00:00;2025-05-13 00:00:00;754.2
chute_37;2025-04-18 00:00:00;2025-05-16 00:00:00;1099.87
chute_37;2025-04-19 00:00:00;2025-05-17 00:00:00;1408.36
chute_38;2025-04-17 00:00:00;2025-05-15 00:00:00;1014.6
chute_38;2025-04-18 00:00:00;2025-05-16 00:00:00;980.09
chute_37;2025-04-17 00:00:00;2025-05-15 00:00:00;1159.68
chute_38;2025-04-19 00:00:00;2025-05-17 00:00:00;1155.4
chute_38;2025-04-20 00:00:00;2025-05-18 00:00:00;1001.75
chute_37;2025-04-20 00:00:00;2025-05-18 00:00:00;1123.96
chute_39;2025-04-07 00:00:00;2025-05-05 00:00:00;931
chute_40;2025-04-04 00:00:00;2025-05-02 00:00:00;462.9
chute_39;2025-04-06 00:00:00;2025-05-04 00:00:00;741.8
chute_40;2025-04-05 00:00:00;2025-05-03 00:00:00;488.54
chute_39;2025-04-05 00:00:00;2025-05-03 00:00:00;1010.8
chute_40;2025-04-06 00:00:00;2025-05-04 00:00:00;539
chute_39;2025-04-04 00:00:00;2025-05-02 00:00:00;755.51
chute_40;2025-04-07 00:00:00;2025-05-05 00:00:00;584.5
chute_39;2025-04-03 00:00:00;2025-05-01 00:00:00;1015.1
chute_40;2025-04-03 00:00:00;2025-05-01 00:00:00;570.15
chute_39;2025-04-15 00:00:00;2025-05-13 00:00:00;768.02
chute_40;2025-04-12 00:00:00;2025-05-10 00:00:00;731.65
chute_39;2025-04-14 00:00:00;2025-05-12 00:00:00;1085.6
chute_40;2025-04-13 00:00:00;2025-05-11 00:00:00;650
chute_39;2025-04-13 00:00:00;2025-05-11 00:00:00;809.5
chute_40;2025-04-14 00:00:00;2025-05-12 00:00:00;750.2
chute_39;2025-04-12 00:00:00;2025-05-10 00:00:00;849.41
chute_40;2025-04-15 00:00:00;2025-05-13 00:00:00;695.4
chute_39;2025-04-11 00:00:00;2025-05-09 00:00:00;694.7
chute_40;2025-04-08 00:00:00;2025-05-06 00:00:00;567.6
chute_39;2025-04-10 00:00:00;2025-05-08 00:00:00;933.2
chute_40;2025-04-10 00:00:00;2025-05-08 00:00:00;515.34
chute_39;2025-04-08 00:00:00;2025-05-06 00:00:00;701.9
chute_40;2025-04-11 00:00:00;2025-05-09 00:00:00;663.8
chute_40;2025-04-20 00:00:00;2025-05-18 00:00:00;723.6
chute_39;2025-04-20 00:00:00;2025-05-18 00:00:00;489.14
chute_39;2025-04-19 00:00:00;2025-05-17 00:00:00;600.5
chute_39;2025-04-18 00:00:00;2025-05-16 00:00:00;584.88
chute_40;2025-04-17 00:00:00;2025-05-15 00:00:00;730.5
chute_39;2025-04-17 00:00:00;2025-05-15 00:00:00;889.74
chute_40;2025-04-18 00:00:00;2025-05-16 00:00:00;609.3
chute_40;2025-04-19 00:00:00;2025-05-17 00:00:00;754.4
chute_41;2025-04-14 00:00:00;2025-05-12 00:00:00;390.2
chute_42;2025-04-15 00:00:00;2025-05-13 00:00:00;631.32
chute_41;2025-04-15 00:00:00;2025-05-13 00:00:00;373.1
chute_43;2025-04-03 00:00:00;2025-05-01 00:00:00;846.8
chute_42;2025-04-14 00:00:00;2025-05-12 00:00:00;804.7
chute_44;2025-04-03 00:00:00;2025-05-01 00:00:00;1076.3
chute_41;2025-04-12 00:00:00;2025-05-10 00:00:00;544.3
chute_42;2025-04-13 00:00:00;2025-05-11 00:00:00;771.05
chute_41;2025-04-13 00:00:00;2025-05-11 00:00:00;459.68
chute_42;2025-04-12 00:00:00;2025-05-10 00:00:00;923.6
chute_44;2025-04-05 00:00:00;2025-05-03 00:00:00;1080.5
chute_41;2025-04-10 00:00:00;2025-05-08 00:00:00;477.4
chute_43;2025-04-06 00:00:00;2025-05-04 00:00:00;724.5
chute_42;2025-04-11 00:00:00;2025-05-09 00:00:00;797.9
chute_44;2025-04-04 00:00:00;2025-05-02 00:00:00;1257.3
chute_41;2025-04-11 00:00:00;2025-05-09 00:00:00;494.07
chute_43;2025-04-07 00:00:00;2025-05-05 00:00:00;629.7
chute_42;2025-04-10 00:00:00;2025-05-08 00:00:00;812.29
chute_44;2025-04-07 00:00:00;2025-05-05 00:00:00;992.9
chute_41;2025-04-08 00:00:00;2025-05-06 00:00:00;533.13
chute_43;2025-04-04 00:00:00;2025-05-02 00:00:00;682
chute_44;2025-04-06 00:00:00;2025-05-04 00:00:00;1074.2
chute_43;2025-04-05 00:00:00;2025-05-03 00:00:00;741.6
chute_42;2025-04-08 00:00:00;2025-05-06 00:00:00;695.7
chute_41;2025-04-06 00:00:00;2025-05-04 00:00:00;580.5
chute_43;2025-04-10 00:00:00;2025-05-08 00:00:00;817
chute_42;2025-04-07 00:00:00;2025-05-05 00:00:00;693.29
chute_44;2025-04-08 00:00:00;2025-05-06 00:00:00;1015.62
chute_41;2025-04-07 00:00:00;2025-05-05 00:00:00;544.5
chute_43;2025-04-11 00:00:00;2025-05-09 00:00:00;839.8
chute_42;2025-04-06 00:00:00;2025-05-04 00:00:00;741.5
chute_44;2025-04-11 00:00:00;2025-05-09 00:00:00;1364.72
chute_41;2025-04-04 00:00:00;2025-05-02 00:00:00;469.45
chute_43;2025-04-08 00:00:00;2025-05-06 00:00:00;825.9
chute_42;2025-04-05 00:00:00;2025-05-03 00:00:00;610.7
chute_44;2025-04-10 00:00:00;2025-05-08 00:00:00;1070.46
chute_41;2025-04-05 00:00:00;2025-05-03 00:00:00;601.5
chute_42;2025-04-04 00:00:00;2025-05-02 00:00:00;644.2
chute_44;2025-04-13 00:00:00;2025-05-11 00:00:00;844.14
chute_43;2025-04-14 00:00:00;2025-05-12 00:00:00;761.3
chute_42;2025-04-03 00:00:00;2025-05-01 00:00:00;567.98
chute_44;2025-04-12 00:00:00;2025-05-10 00:00:00;1010.24
chute_41;2025-04-03 00:00:00;2025-05-01 00:00:00;450
chute_43;2025-04-15 00:00:00;2025-05-13 00:00:00;227.03
chute_44;2025-04-15 00:00:00;2025-05-13 00:00:00;395.2
chute_43;2025-04-12 00:00:00;2025-05-10 00:00:00;866.7
chute_44;2025-04-14 00:00:00;2025-05-12 00:00:00;916.9
chute_43;2025-04-13 00:00:00;2025-05-11 00:00:00;644.2
chute_44;2025-04-17 00:00:00;2025-05-15 00:00:00;958.35
chute_43;2025-04-18 00:00:00;2025-05-16 00:00:00;725
chute_43;2025-04-19 00:00:00;2025-05-17 00:00:00;925.1
chute_44;2025-04-19 00:00:00;2025-05-17 00:00:00;1020.9
chute_44;2025-04-18 00:00:00;2025-05-16 00:00:00;1138.1
chute_43;2025-04-17 00:00:00;2025-05-15 00:00:00;919.4
chute_44;2025-04-20 00:00:00;2025-05-18 00:00:00;823.2
chute_43;2025-04-20 00:00:00;2025-05-18 00:00:00;747.77
chute_41;2025-04-20 00:00:00;2025-05-18 00:00:00;380.63
chute_42;2025-04-20 00:00:00;2025-05-18 00:00:00;641.72
chute_41;2025-04-18 00:00:00;2025-05-16 00:00:00;363
chute_42;2025-04-19 00:00:00;2025-05-17 00:00:00;718.6
chute_41;2025-04-19 00:00:00;2025-05-17 00:00:00;414.43
chute_42;2025-04-18 00:00:00;2025-05-16 00:00:00;655.02
chute_42;2025-04-17 00:00:00;2025-05-15 00:00:00;779.91
chute_41;2025-04-17 00:00:00;2025-05-15 00:00:00;348.1
chute_45;2025-04-20 00:00:00;2025-05-18 00:00:00;635.37
chute_46;2025-04-20 00:00:00;2025-05-18 00:00:00;623.5
chute_46;2025-04-17 00:00:00;2025-05-15 00:00:00;743.6
chute_45;2025-04-17 00:00:00;2025-05-15 00:00:00;650.6
chute_45;2025-04-18 00:00:00;2025-05-16 00:00:00;609.27
chute_46;2025-04-19 00:00:00;2025-05-17 00:00:00;720.74
chute_45;2025-04-19 00:00:00;2025-05-17 00:00:00;707.61
chute_46;2025-04-18 00:00:00;2025-05-16 00:00:00;727
chute_45;2025-04-12 00:00:00;2025-05-10 00:00:00;774.7
chute_46;2025-04-13 00:00:00;2025-05-11 00:00:00;875
chute_45;2025-04-13 00:00:00;2025-05-11 00:00:00;647.3
chute_46;2025-04-12 00:00:00;2025-05-10 00:00:00;1030.9
chute_45;2025-04-14 00:00:00;2025-05-12 00:00:00;682.3
chute_46;2025-04-15 00:00:00;2025-05-13 00:00:00;959.1
chute_45;2025-04-15 00:00:00;2025-05-13 00:00:00;752.59
chute_46;2025-04-14 00:00:00;2025-05-12 00:00:00;929
chute_45;2025-04-08 00:00:00;2025-05-06 00:00:00;870.7
chute_46;2025-04-08 00:00:00;2025-05-06 00:00:00;1011.9
chute_45;2025-04-10 00:00:00;2025-05-08 00:00:00;840.2
chute_46;2025-04-11 00:00:00;2025-05-09 00:00:00;959.64
chute_45;2025-04-11 00:00:00;2025-05-09 00:00:00;820.53
chute_46;2025-04-10 00:00:00;2025-05-08 00:00:00;1003.64
chute_45;2025-04-04 00:00:00;2025-05-02 00:00:00;614.4
chute_46;2025-04-05 00:00:00;2025-05-03 00:00:00;886.1
chute_45;2025-04-05 00:00:00;2025-05-03 00:00:00;643.6
chute_46;2025-04-04 00:00:00;2025-05-02 00:00:00;960.4
chute_45;2025-04-06 00:00:00;2025-05-04 00:00:00;725.7
chute_46;2025-04-07 00:00:00;2025-05-05 00:00:00;933.5
chute_45;2025-04-07 00:00:00;2025-05-05 00:00:00;768.68
chute_46;2025-04-06 00:00:00;2025-05-04 00:00:00;1001.9
chute_46;2025-04-03 00:00:00;2025-05-01 00:00:00;971.1
chute_45;2025-04-03 00:00:00;2025-05-01 00:00:00;626
chute_47;2025-04-08 00:00:00;2025-05-06 00:00:00;841.68
chute_47;2025-04-11 00:00:00;2025-05-09 00:00:00;1756.61
chute_47;2025-04-10 00:00:00;2025-05-08 00:00:00;765.7
chute_47;2025-04-13 00:00:00;2025-05-11 00:00:00;871.85
chute_47;2025-04-12 00:00:00;2025-05-10 00:00:00;910.4
chute_47;2025-04-15 00:00:00;2025-05-13 00:00:00;491.98
chute_47;2025-04-14 00:00:00;2025-05-12 00:00:00;989.9
chute_47;2025-04-03 00:00:00;2025-05-01 00:00:00;805
chute_47;2025-04-05 00:00:00;2025-05-03 00:00:00;822.49
chute_47;2025-04-04 00:00:00;2025-05-02 00:00:00;1664.96
chute_47;2025-04-07 00:00:00;2025-05-05 00:00:00;697.3
chute_47;2025-04-06 00:00:00;2025-05-04 00:00:00;820.4
chute_47;2025-04-17 00:00:00;2025-05-15 00:00:00;890.7
chute_47;2025-04-19 00:00:00;2025-05-17 00:00:00;859.4
chute_47;2025-04-18 00:00:00;2025-05-16 00:00:00;1679.87
chute_47;2025-04-20 00:00:00;2025-05-18 00:00:00;741.9
chute_48;2025-04-17 00:00:00;2025-05-15 00:00:00;261.5
chute_48;2025-04-18 00:00:00;2025-05-16 00:00:00;217
chute_48;2025-04-19 00:00:00;2025-05-17 00:00:00;215.2
chute_48;2025-04-20 00:00:00;2025-05-18 00:00:00;256
chute_48;2025-04-03 00:00:00;2025-05-01 00:00:00;296.57
chute_48;2025-04-04 00:00:00;2025-05-02 00:00:00;413.2
chute_48;2025-04-05 00:00:00;2025-05-03 00:00:00;369.88
chute_48;2025-04-06 00:00:00;2025-05-04 00:00:00;316.2
chute_48;2025-04-07 00:00:00;2025-05-05 00:00:00;316
chute_48;2025-04-08 00:00:00;2025-05-06 00:00:00;333.2
chute_48;2025-04-10 00:00:00;2025-05-08 00:00:00;376.4
chute_48;2025-04-11 00:00:00;2025-05-09 00:00:00;333.6
chute_48;2025-04-12 00:00:00;2025-05-10 00:00:00;393.92
chute_48;2025-04-13 00:00:00;2025-05-11 00:00:00;351.1
chute_48;2025-04-14 00:00:00;2025-05-12 00:00:00;344.2
chute_48;2025-04-15 00:00:00;2025-05-13 00:00:00;322.2
chute_49;2025-04-20 00:00:00;2025-05-18 00:00:00;1501.5
chute_49;2025-04-19 00:00:00;2025-05-17 00:00:00;1565
chute_49;2025-04-18 00:00:00;2025-05-16 00:00:00;1725.6
chute_49;2025-04-17 00:00:00;2025-05-15 00:00:00;1808.65
chute_49;2025-04-07 00:00:00;2025-05-05 00:00:00;1559.78
chute_49;2025-04-06 00:00:00;2025-05-04 00:00:00;1587.7
chute_49;2025-04-05 00:00:00;2025-05-03 00:00:00;1484.6
chute_49;2025-04-04 00:00:00;2025-05-02 00:00:00;1439.7
chute_49;2025-04-03 00:00:00;2025-05-01 00:00:00;1375.9
chute_49;2025-04-15 00:00:00;2025-05-13 00:00:00;1902
chute_49;2025-04-14 00:00:00;2025-05-12 00:00:00;1891
chute_49;2025-04-13 00:00:00;2025-05-11 00:00:00;1882.8
chute_49;2025-04-12 00:00:00;2025-05-10 00:00:00;1914.6
chute_49;2025-04-11 00:00:00;2025-05-09 00:00:00;1714.28
chute_49;2025-04-10 00:00:00;2025-05-08 00:00:00;1701.3
chute_49;2025-04-08 00:00:00;2025-05-06 00:00:00;1597.3
chute_50;2025-04-20 00:00:00;2025-05-18 00:00:00;535.5
chute_50;2025-04-19 00:00:00;2025-05-17 00:00:00;558.86
chute_50;2025-04-18 00:00:00;2025-05-16 00:00:00;648.58
chute_50;2025-04-17 00:00:00;2025-05-15 00:00:00;902.9
chute_51;2025-04-17 00:00:00;2025-05-15 00:00:00;716.9
chute_51;2025-04-19 00:00:00;2025-05-17 00:00:00;816.49
chute_51;2025-04-18 00:00:00;2025-05-16 00:00:00;669.72
chute_51;2025-04-20 00:00:00;2025-05-18 00:00:00;739.18
chute_50;2025-04-07 00:00:00;2025-05-05 00:00:00;854.2
chute_50;2025-04-06 00:00:00;2025-05-04 00:00:00;814.25
chute_51;2025-04-08 00:00:00;2025-05-06 00:00:00;689.94
chute_50;2025-04-05 00:00:00;2025-05-03 00:00:00;840.98
chute_51;2025-04-11 00:00:00;2025-05-09 00:00:00;817.9
chute_50;2025-04-04 00:00:00;2025-05-02 00:00:00;864.2
chute_51;2025-04-10 00:00:00;2025-05-08 00:00:00;768.5
chute_50;2025-04-03 00:00:00;2025-05-01 00:00:00;803.9
chute_51;2025-04-13 00:00:00;2025-05-11 00:00:00;620
chute_51;2025-04-12 00:00:00;2025-05-10 00:00:00;801
chute_51;2025-04-15 00:00:00;2025-05-13 00:00:00;489.47
chute_51;2025-04-14 00:00:00;2025-05-12 00:00:00;669.61
chute_50;2025-04-15 00:00:00;2025-05-13 00:00:00;919.34
chute_50;2025-04-14 00:00:00;2025-05-12 00:00:00;927.6
chute_50;2025-04-13 00:00:00;2025-05-11 00:00:00;790.1
chute_51;2025-04-03 00:00:00;2025-05-01 00:00:00;781.68
chute_50;2025-04-12 00:00:00;2025-05-10 00:00:00;847.8
chute_50;2025-04-11 00:00:00;2025-05-09 00:00:00;766.1
chute_51;2025-04-05 00:00:00;2025-05-03 00:00:00;748.6
chute_50;2025-04-10 00:00:00;2025-05-08 00:00:00;945.72
chute_51;2025-04-04 00:00:00;2025-05-02 00:00:00;690.79
chute_51;2025-04-07 00:00:00;2025-05-05 00:00:00;670.24
chute_50;2025-04-08 00:00:00;2025-05-06 00:00:00;947.7
chute_51;2025-04-06 00:00:00;2025-05-04 00:00:00;841
chute_52;2025-04-06 00:00:00;2025-05-04 00:00:00;712.9
chute_52;2025-04-07 00:00:00;2025-05-05 00:00:00;652.6
chute_52;2025-04-04 00:00:00;2025-05-02 00:00:00;724.55
chute_52;2025-04-05 00:00:00;2025-05-03 00:00:00;674.5
chute_52;2025-04-03 00:00:00;2025-05-01 00:00:00;735.2
chute_52;2025-04-14 00:00:00;2025-05-12 00:00:00;774.2
chute_52;2025-04-15 00:00:00;2025-05-13 00:00:00;592.07
chute_52;2025-04-12 00:00:00;2025-05-10 00:00:00;710.5
chute_52;2025-04-13 00:00:00;2025-05-11 00:00:00;713.1
chute_52;2025-04-10 00:00:00;2025-05-08 00:00:00;623.2
chute_52;2025-04-11 00:00:00;2025-05-09 00:00:00;668.5
chute_52;2025-04-08 00:00:00;2025-05-06 00:00:00;644.7
chute_52;2025-04-20 00:00:00;2025-05-18 00:00:00;931.8
chute_52;2025-04-18 00:00:00;2025-05-16 00:00:00;819.1
chute_52;2025-04-19 00:00:00;2025-05-17 00:00:00;973
chute_52;2025-04-17 00:00:00;2025-05-15 00:00:00;841.82
chute_53;2025-04-20 00:00:00;2025-05-18 00:00:00;499.92
chute_53;2025-04-19 00:00:00;2025-05-17 00:00:00;502.7
chute_53;2025-04-18 00:00:00;2025-05-16 00:00:00;509
chute_53;2025-04-17 00:00:00;2025-05-15 00:00:00;461.18
chute_53;2025-04-15 00:00:00;2025-05-13 00:00:00;424.5
chute_53;2025-04-14 00:00:00;2025-05-12 00:00:00;568.3
chute_53;2025-04-13 00:00:00;2025-05-11 00:00:00;535
chute_53;2025-04-12 00:00:00;2025-05-10 00:00:00;627.26
chute_53;2025-04-11 00:00:00;2025-05-09 00:00:00;549.14
chute_53;2025-04-10 00:00:00;2025-05-08 00:00:00;583
chute_53;2025-04-08 00:00:00;2025-05-06 00:00:00;576.9
chute_53;2025-04-07 00:00:00;2025-05-05 00:00:00;591.4
chute_53;2025-04-06 00:00:00;2025-05-04 00:00:00;627.9
chute_53;2025-04-05 00:00:00;2025-05-03 00:00:00;532.9
chute_53;2025-04-04 00:00:00;2025-05-02 00:00:00;530.8
chute_53;2025-04-03 00:00:00;2025-05-01 00:00:00;542.9
chute_54;2025-04-20 00:00:00;2025-05-18 00:00:00;1043.6
chute_55;2025-04-20 00:00:00;2025-05-18 00:00:00;721.9
chute_55;2025-04-19 00:00:00;2025-05-17 00:00:00;828.8
chute_54;2025-04-17 00:00:00;2025-05-15 00:00:00;889.7
chute_55;2025-04-18 00:00:00;2025-05-16 00:00:00;659
chute_55;2025-04-17 00:00:00;2025-05-15 00:00:00;674.2
chute_54;2025-04-19 00:00:00;2025-05-17 00:00:00;1027.12
chute_54;2025-04-18 00:00:00;2025-05-16 00:00:00;879.82
chute_55;2025-04-07 00:00:00;2025-05-05 00:00:00;799.3
chute_54;2025-04-05 00:00:00;2025-05-03 00:00:00;709.86
chute_55;2025-04-06 00:00:00;2025-05-04 00:00:00;702.5
chute_54;2025-04-04 00:00:00;2025-05-02 00:00:00;802.4
chute_55;2025-04-05 00:00:00;2025-05-03 00:00:00;777.5
chute_54;2025-04-07 00:00:00;2025-05-05 00:00:00;650
chute_55;2025-04-04 00:00:00;2025-05-02 00:00:00;691
chute_54;2025-04-06 00:00:00;2025-05-04 00:00:00;729.8
chute_55;2025-04-03 00:00:00;2025-05-01 00:00:00;603.2
chute_54;2025-04-03 00:00:00;2025-05-01 00:00:00;749.1
chute_55;2025-04-15 00:00:00;2025-05-13 00:00:00;510.51
chute_54;2025-04-13 00:00:00;2025-05-11 00:00:00;930.2
chute_55;2025-04-14 00:00:00;2025-05-12 00:00:00;823.64
chute_54;2025-04-12 00:00:00;2025-05-10 00:00:00;777.6
chute_55;2025-04-13 00:00:00;2025-05-11 00:00:00;852.15
chute_54;2025-04-15 00:00:00;2025-05-13 00:00:00;883.82
chute_55;2025-04-12 00:00:00;2025-05-10 00:00:00;935.55
chute_54;2025-04-14 00:00:00;2025-05-12 00:00:00;892.6
chute_55;2025-04-11 00:00:00;2025-05-09 00:00:00;836.59
chute_55;2025-04-10 00:00:00;2025-05-08 00:00:00;884.42
chute_54;2025-04-08 00:00:00;2025-05-06 00:00:00;694.6
chute_54;2025-04-11 00:00:00;2025-05-09 00:00:00;719.19
chute_55;2025-04-08 00:00:00;2025-05-06 00:00:00;887.48
chute_54;2025-04-10 00:00:00;2025-05-08 00:00:00;792.1
chute_56;2025-04-19 00:00:00;2025-05-17 00:00:00;1044.98
chute_56;2025-04-18 00:00:00;2025-05-16 00:00:00;2602.28
chute_56;2025-04-17 00:00:00;2025-05-15 00:00:00;929.14
chute_56;2025-04-20 00:00:00;2025-05-18 00:00:00;4253.78
chute_57;2025-04-20 00:00:00;2025-05-18 00:00:00;643.85
chute_57;2025-04-18 00:00:00;2025-05-16 00:00:00;619.58
chute_57;2025-04-19 00:00:00;2025-05-17 00:00:00;724.16
chute_57;2025-04-17 00:00:00;2025-05-15 00:00:00;652.7
chute_57;2025-04-14 00:00:00;2025-05-12 00:00:00;911.9
chute_56;2025-04-03 00:00:00;2025-05-01 00:00:00;1081.51
chute_57;2025-04-15 00:00:00;2025-05-13 00:00:00;512.3
chute_57;2025-04-12 00:00:00;2025-05-10 00:00:00;920.7
chute_57;2025-04-13 00:00:00;2025-05-11 00:00:00;936.9
chute_57;2025-04-10 00:00:00;2025-05-08 00:00:00;1036.04
chute_56;2025-04-07 00:00:00;2025-05-05 00:00:00;1093.9
chute_57;2025-04-11 00:00:00;2025-05-09 00:00:00;856.7
chute_56;2025-04-06 00:00:00;2025-05-04 00:00:00;3888.86
chute_57;2025-04-08 00:00:00;2025-05-06 00:00:00;1306.3
chute_56;2025-04-05 00:00:00;2025-05-03 00:00:00;1274.3
chute_56;2025-04-04 00:00:00;2025-05-02 00:00:00;1017.2
chute_57;2025-04-06 00:00:00;2025-05-04 00:00:00;1524.68
chute_56;2025-04-11 00:00:00;2025-05-09 00:00:00;2801.4
chute_57;2025-04-07 00:00:00;2025-05-05 00:00:00;1252.7
chute_56;2025-04-10 00:00:00;2025-05-08 00:00:00;1078.6
chute_57;2025-04-04 00:00:00;2025-05-02 00:00:00;1365
chute_57;2025-04-05 00:00:00;2025-05-03 00:00:00;1648.5
chute_56;2025-04-08 00:00:00;2025-05-06 00:00:00;1262.9
chute_56;2025-04-15 00:00:00;2025-05-13 00:00:00;845.74
chute_57;2025-04-03 00:00:00;2025-05-01 00:00:00;1416.6
chute_56;2025-04-14 00:00:00;2025-05-12 00:00:00;1107.9
chute_56;2025-04-13 00:00:00;2025-05-11 00:00:00;3876.3
chute_56;2025-04-12 00:00:00;2025-05-10 00:00:00;1070.6
chute_58;2025-04-17 00:00:00;2025-05-15 00:00:00;854.6
chute_58;2025-04-18 00:00:00;2025-05-16 00:00:00;794
chute_58;2025-04-19 00:00:00;2025-05-17 00:00:00;850.54
chute_58;2025-04-20 00:00:00;2025-05-18 00:00:00;797.44
chute_59;2025-04-20 00:00:00;2025-05-18 00:00:00;913.1
chute_59;2025-04-17 00:00:00;2025-05-15 00:00:00;1088.05
chute_59;2025-04-19 00:00:00;2025-05-17 00:00:00;1113.4
chute_59;2025-04-18 00:00:00;2025-05-16 00:00:00;895.2
chute_59;2025-04-13 00:00:00;2025-05-11 00:00:00;944.7
chute_59;2025-04-12 00:00:00;2025-05-10 00:00:00;1140.8
chute_59;2025-04-15 00:00:00;2025-05-13 00:00:00;855.3
chute_58;2025-04-03 00:00:00;2025-05-01 00:00:00;765.9
chute_59;2025-04-14 00:00:00;2025-05-12 00:00:00;1023.4
chute_58;2025-04-04 00:00:00;2025-05-02 00:00:00;788.1
chute_58;2025-04-05 00:00:00;2025-05-03 00:00:00;987.6
chute_59;2025-04-08 00:00:00;2025-05-06 00:00:00;1043.3
chute_58;2025-04-06 00:00:00;2025-05-04 00:00:00;973.6
chute_59;2025-04-11 00:00:00;2025-05-09 00:00:00;1161.8
chute_58;2025-04-07 00:00:00;2025-05-05 00:00:00;947.82
chute_59;2025-04-10 00:00:00;2025-05-08 00:00:00;1002.1
chute_58;2025-04-08 00:00:00;2025-05-06 00:00:00;1090.7
chute_59;2025-04-05 00:00:00;2025-05-03 00:00:00;981.3
chute_59;2025-04-04 00:00:00;2025-05-02 00:00:00;857.4
chute_58;2025-04-10 00:00:00;2025-05-08 00:00:00;1154.77
chute_59;2025-04-07 00:00:00;2025-05-05 00:00:00;1013.5
chute_58;2025-04-11 00:00:00;2025-05-09 00:00:00;1146.04
chute_59;2025-04-06 00:00:00;2025-05-04 00:00:00;1049.7
chute_58;2025-04-12 00:00:00;2025-05-10 00:00:00;1067.96
chute_58;2025-04-13 00:00:00;2025-05-11 00:00:00;1079.27
chute_58;2025-04-14 00:00:00;2025-05-12 00:00:00;1045.9
chute_59;2025-04-03 00:00:00;2025-05-01 00:00:00;866.4
chute_58;2025-04-15 00:00:00;2025-05-13 00:00:00;796.3
chute_60;2025-04-19 00:00:00;2025-05-17 00:00:00;916.4
chute_61;2025-04-17 00:00:00;2025-05-15 00:00:00;975.42
chute_60;2025-04-18 00:00:00;2025-05-16 00:00:00;664.3
chute_62;2025-04-17 00:00:00;2025-05-15 00:00:00;637.85
chute_60;2025-04-17 00:00:00;2025-05-15 00:00:00;920.4
chute_62;2025-04-18 00:00:00;2025-05-16 00:00:00;623.45
chute_61;2025-04-19 00:00:00;2025-05-17 00:00:00;962.8
chute_62;2025-04-19 00:00:00;2025-05-17 00:00:00;936.9
chute_61;2025-04-18 00:00:00;2025-05-16 00:00:00;745.78
chute_62;2025-04-20 00:00:00;2025-05-18 00:00:00;777
chute_61;2025-04-20 00:00:00;2025-05-18 00:00:00;733.5
chute_60;2025-04-20 00:00:00;2025-05-18 00:00:00;725.2
chute_60;2025-04-03 00:00:00;2025-05-01 00:00:00;790.8
chute_61;2025-04-03 00:00:00;2025-05-01 00:00:00;919.8
chute_62;2025-04-03 00:00:00;2025-05-01 00:00:00;396.5
chute_60;2025-04-07 00:00:00;2025-05-05 00:00:00;848
chute_62;2025-04-04 00:00:00;2025-05-02 00:00:00;375.5
chute_61;2025-04-05 00:00:00;2025-05-03 00:00:00;1252.1
chute_60;2025-04-06 00:00:00;2025-05-04 00:00:00;910.1
chute_62;2025-04-05 00:00:00;2025-05-03 00:00:00;424.56
chute_61;2025-04-04 00:00:00;2025-05-02 00:00:00;1064.3
chute_60;2025-04-05 00:00:00;2025-05-03 00:00:00;863.1
chute_62;2025-04-06 00:00:00;2025-05-04 00:00:00;432
chute_61;2025-04-07 00:00:00;2025-05-05 00:00:00;1387.47
chute_60;2025-04-04 00:00:00;2025-05-02 00:00:00;712.9
chute_62;2025-04-07 00:00:00;2025-05-05 00:00:00;336
chute_61;2025-04-06 00:00:00;2025-05-04 00:00:00;1236.3
chute_60;2025-04-11 00:00:00;2025-05-09 00:00:00;900.8
chute_62;2025-04-08 00:00:00;2025-05-06 00:00:00;436.6
chute_60;2025-04-10 00:00:00;2025-05-08 00:00:00;930.1
chute_61;2025-04-08 00:00:00;2025-05-06 00:00:00;1428.64
chute_62;2025-04-10 00:00:00;2025-05-08 00:00:00;439.8
chute_61;2025-04-11 00:00:00;2025-05-09 00:00:00;1550.35
chute_60;2025-04-08 00:00:00;2025-05-06 00:00:00;961
chute_62;2025-04-11 00:00:00;2025-05-09 00:00:00;435.1
chute_61;2025-04-10 00:00:00;2025-05-08 00:00:00;1484.33
chute_60;2025-04-15 00:00:00;2025-05-13 00:00:00;694.02
chute_62;2025-04-12 00:00:00;2025-05-10 00:00:00;425.9
chute_61;2025-04-13 00:00:00;2025-05-11 00:00:00;1605.14
chute_60;2025-04-14 00:00:00;2025-05-12 00:00:00;1013.9
chute_62;2025-04-13 00:00:00;2025-05-11 00:00:00;354
chute_61;2025-04-12 00:00:00;2025-05-10 00:00:00;1667.13
chute_60;2025-04-13 00:00:00;2025-05-11 00:00:00;939
chute_62;2025-04-14 00:00:00;2025-05-12 00:00:00;441.1
chute_61;2025-04-15 00:00:00;2025-05-13 00:00:00;861.88
chute_60;2025-04-12 00:00:00;2025-05-10 00:00:00;1017.7
chute_62;2025-04-15 00:00:00;2025-05-13 00:00:00;356.1
chute_61;2025-04-14 00:00:00;2025-05-12 00:00:00;1526.91
chute_63;2025-04-20 00:00:00;2025-05-18 00:00:00;785.5
chute_63;2025-04-17 00:00:00;2025-05-15 00:00:00;1027.4
chute_63;2025-04-18 00:00:00;2025-05-16 00:00:00;852.8
chute_63;2025-04-19 00:00:00;2025-05-17 00:00:00;1023.7
chute_63;2025-04-04 00:00:00;2025-05-02 00:00:00;740.8
chute_63;2025-04-05 00:00:00;2025-05-03 00:00:00;877.8
chute_63;2025-04-06 00:00:00;2025-05-04 00:00:00;828.8
chute_63;2025-04-07 00:00:00;2025-05-05 00:00:00;747.5
chute_63;2025-04-03 00:00:00;2025-05-01 00:00:00;761.5
chute_63;2025-04-12 00:00:00;2025-05-10 00:00:00;906.1
chute_63;2025-04-13 00:00:00;2025-05-11 00:00:00;945
chute_63;2025-04-14 00:00:00;2025-05-12 00:00:00;1029.55
chute_63;2025-04-15 00:00:00;2025-05-13 00:00:00;569.9
chute_63;2025-04-08 00:00:00;2025-05-06 00:00:00;880.6
chute_63;2025-04-10 00:00:00;2025-05-08 00:00:00;827.76
chute_63;2025-04-11 00:00:00;2025-05-09 00:00:00;843.1
chute_64;2025-04-20 00:00:00;2025-05-18 00:00:00;593.3
chute_64;2025-04-17 00:00:00;2025-05-15 00:00:00;348.6
chute_64;2025-04-19 00:00:00;2025-05-17 00:00:00;671.52
chute_64;2025-04-18 00:00:00;2025-05-16 00:00:00;460.5
chute_64;2025-04-05 00:00:00;2025-05-03 00:00:00;401.6
chute_64;2025-04-04 00:00:00;2025-05-02 00:00:00;310.3
chute_64;2025-04-07 00:00:00;2025-05-05 00:00:00;255
chute_64;2025-04-06 00:00:00;2025-05-04 00:00:00;392.7
chute_64;2025-04-03 00:00:00;2025-05-01 00:00:00;332.3
chute_64;2025-04-13 00:00:00;2025-05-11 00:00:00;255
chute_64;2025-04-12 00:00:00;2025-05-10 00:00:00;244.6
chute_64;2025-04-15 00:00:00;2025-05-13 00:00:00;351.9
chute_64;2025-04-14 00:00:00;2025-05-12 00:00:00;320.8
chute_64;2025-04-08 00:00:00;2025-05-06 00:00:00;245.6
chute_64;2025-04-11 00:00:00;2025-05-09 00:00:00;243.6
chute_64;2025-04-10 00:00:00;2025-05-08 00:00:00;248
chute_65;2025-04-06 00:00:00;2025-05-04 00:00:00;1361.9
chute_66;2025-04-07 00:00:00;2025-05-05 00:00:00;824.12
chute_67;2025-04-05 00:00:00;2025-05-03 00:00:00;651.2
chute_65;2025-04-07 00:00:00;2025-05-05 00:00:00;1421
chute_66;2025-04-06 00:00:00;2025-05-04 00:00:00;904.7
chute_67;2025-04-04 00:00:00;2025-05-02 00:00:00;708.5
chute_65;2025-04-04 00:00:00;2025-05-02 00:00:00;1503.1
chute_66;2025-04-05 00:00:00;2025-05-03 00:00:00;888
chute_67;2025-04-07 00:00:00;2025-05-05 00:00:00;384.86
chute_65;2025-04-05 00:00:00;2025-05-03 00:00:00;1371.19
chute_66;2025-04-04 00:00:00;2025-05-02 00:00:00;841.8
chute_67;2025-04-06 00:00:00;2025-05-04 00:00:00;515.3
chute_66;2025-04-03 00:00:00;2025-05-01 00:00:00;754.1
chute_65;2025-04-03 00:00:00;2025-05-01 00:00:00;1340.3
chute_67;2025-04-03 00:00:00;2025-05-01 00:00:00;589.3
chute_65;2025-04-14 00:00:00;2025-05-12 00:00:00;980.9
chute_66;2025-04-15 00:00:00;2025-05-13 00:00:00;872.45
chute_67;2025-04-13 00:00:00;2025-05-11 00:00:00;573.2
chute_65;2025-04-15 00:00:00;2025-05-13 00:00:00;1366.64
chute_66;2025-04-14 00:00:00;2025-05-12 00:00:00;987.81
chute_67;2025-04-12 00:00:00;2025-05-10 00:00:00;569.9
chute_65;2025-04-12 00:00:00;2025-05-10 00:00:00;1332
chute_66;2025-04-13 00:00:00;2025-05-11 00:00:00;895.66
chute_67;2025-04-15 00:00:00;2025-05-13 00:00:00;306.48
chute_65;2025-04-13 00:00:00;2025-05-11 00:00:00;1043.83
chute_66;2025-04-12 00:00:00;2025-05-10 00:00:00;890.42
chute_67;2025-04-14 00:00:00;2025-05-12 00:00:00;502.25
chute_65;2025-04-10 00:00:00;2025-05-08 00:00:00;1444.2
chute_66;2025-04-11 00:00:00;2025-05-09 00:00:00;982.91
chute_65;2025-04-11 00:00:00;2025-05-09 00:00:00;1369.46
chute_66;2025-04-10 00:00:00;2025-05-08 00:00:00;899.59
chute_67;2025-04-08 00:00:00;2025-05-06 00:00:00;636.3
chute_65;2025-04-08 00:00:00;2025-05-06 00:00:00;1514.95
chute_67;2025-04-11 00:00:00;2025-05-09 00:00:00;572.93
chute_66;2025-04-08 00:00:00;2025-05-06 00:00:00;941.66
chute_67;2025-04-10 00:00:00;2025-05-08 00:00:00;564.4
chute_67;2025-04-20 00:00:00;2025-05-18 00:00:00;721
chute_65;2025-04-20 00:00:00;2025-05-18 00:00:00;1042.1
chute_66;2025-04-20 00:00:00;2025-05-18 00:00:00;785.8
chute_65;2025-04-18 00:00:00;2025-05-16 00:00:00;1452.36
chute_66;2025-04-19 00:00:00;2025-05-17 00:00:00;780.68
chute_67;2025-04-17 00:00:00;2025-05-15 00:00:00;570.6
chute_65;2025-04-19 00:00:00;2025-05-17 00:00:00;1494.28
chute_66;2025-04-18 00:00:00;2025-05-16 00:00:00;688.9
chute_66;2025-04-17 00:00:00;2025-05-15 00:00:00;828
chute_67;2025-04-19 00:00:00;2025-05-17 00:00:00;765.2
chute_65;2025-04-17 00:00:00;2025-05-15 00:00:00;1478.3
chute_67;2025-04-18 00:00:00;2025-05-16 00:00:00;643
chute_68;2025-04-19 00:00:00;2025-05-17 00:00:00;808.8
chute_68;2025-04-18 00:00:00;2025-05-16 00:00:00;620.8
chute_68;2025-04-17 00:00:00;2025-05-15 00:00:00;884.7
chute_68;2025-04-20 00:00:00;2025-05-18 00:00:00;471.82
chute_68;2025-04-11 00:00:00;2025-05-09 00:00:00;861.48
chute_68;2025-04-10 00:00:00;2025-05-08 00:00:00;936.01
chute_68;2025-04-08 00:00:00;2025-05-06 00:00:00;1001.25
chute_68;2025-04-15 00:00:00;2025-05-13 00:00:00;836.8
chute_68;2025-04-14 00:00:00;2025-05-12 00:00:00;664.44
chute_68;2025-04-13 00:00:00;2025-05-11 00:00:00;543.58
chute_68;2025-04-12 00:00:00;2025-05-10 00:00:00;797.28
chute_68;2025-04-03 00:00:00;2025-05-01 00:00:00;720.9
chute_68;2025-04-07 00:00:00;2025-05-05 00:00:00;933.59
chute_68;2025-04-06 00:00:00;2025-05-04 00:00:00;875.25
chute_68;2025-04-05 00:00:00;2025-05-03 00:00:00;779.65
chute_68;2025-04-04 00:00:00;2025-05-02 00:00:00;747.49
chute_69;2025-04-06 00:00:00;2025-05-04 00:00:00;675.7
chute_69;2025-04-07 00:00:00;2025-05-05 00:00:00;715
chute_69;2025-04-04 00:00:00;2025-05-02 00:00:00;798
chute_69;2025-04-05 00:00:00;2025-05-03 00:00:00;647.7
chute_69;2025-04-03 00:00:00;2025-05-01 00:00:00;614.7
chute_69;2025-04-14 00:00:00;2025-05-12 00:00:00;757.03
chute_69;2025-04-15 00:00:00;2025-05-13 00:00:00;765.87
chute_69;2025-04-12 00:00:00;2025-05-10 00:00:00;718.65
chute_69;2025-04-13 00:00:00;2025-05-11 00:00:00;729.72
chute_69;2025-04-10 00:00:00;2025-05-08 00:00:00;682.74
chute_69;2025-04-11 00:00:00;2025-05-09 00:00:00;714.23
chute_69;2025-04-08 00:00:00;2025-05-06 00:00:00;711.74
chute_69;2025-04-20 00:00:00;2025-05-18 00:00:00;847.78
chute_69;2025-04-18 00:00:00;2025-05-16 00:00:00;837.03
chute_69;2025-04-19 00:00:00;2025-05-17 00:00:00;866.16
chute_69;2025-04-17 00:00:00;2025-05-15 00:00:00;867.36
